Station,District,Elevation,2016,2017,2018,2019,2020,2021,2022
Kakerpakha,Baitadi,783,1524.7,1339.4,1385.2,1308,NA,1912,1454.6
Baitadi Gothalapani ,Baitadi,1352,1185.6,NA,1401.4,1534.1,NA,NA,NA
Patan West ,Baitadi,1292,1137.9,NA,1255.5,1209.6,NA,NA,NA
Dadeldhura,Dadeldhura,1879,1300.5,1374.1,1265.5,1101.3,1406.8,1889.9,1419.1
Mahendra Nagar,Kanchanpur,197,2013,1869,2494.3,1850.4,2457.2,NA,2386.1
Santipur Belauri,Kanchanpur,164,1990.6,1489.8,1437.4,993.7,1665,1748.7,1833.5
Darchula,Darchula,945,3036.5,2463.3,2305.2,NA,NA,NA,NA
Santbajh,Baitadi,1881,1242.4,1502.2,1357.1,1575.7,NA,1722.8,1384.6
Rupal,Dadeldhura,1458,1286.5,1228.7,1012.8,1584.4,NA,2556.1,1705.3
Sahu Khark,Dadeldhura,2092,1555.1,1352.6,NA,1334.4,NA,2261.1,1595.5
Jogbudha,Dadeldhura,379,1530.3,987,NA,892.2,1373.7,2364.1,1750.9
Hanman Nagar,Kanchanpur,213,2205.9,1573.6,1995.1,1487.6,NA,2454.4,2317.4
Kallagoth Krishnapur ,Kanchanpur,189,1276.1,1398.6,1685.4,1532.3,NA,2053.4,2076.8
Dodhara,Kanchanpur,175,1842.8,1798.4,1917.5,1274.2,2027.5,1683.8,1853.1
Parsia,Kanchanpur,170,1723.8,1412.2,1382.4,893.9,1570.1,NA,1613.9
Bichawa,Kanchanpur,176,1586.5,1416.8,1442.1,1110.9,NA,1827.4,1673.3
Jhalari,Kanchanpur,195,1536.2,1525.7,1672.5,1363.9,NA,2298.3,1840.6
Darchula New,Darchula,887,2251.3,2485.7,2629.2,2534.6,3139.7,3138.9,2919
Patan New,Baitadi,1299,1124.7,1193.5,1217.1,1224.2,1382.3,1432.9,1426.9
Pipalkot,Bajhang,1455,2011.2,2298.1,2314.7,2102.8,NA,2950,2561
Silgadhi Doti,Doti,1309,1266,1130.2,1179,1143.8,NA,NA,1352.9
Bajura Martadi ,Bajura,1598,2023.2,NA,2319.8,2061.6,NA,NA,NA
Katai,Doti,1388,2229.2,1912.5,1512.9,971.2,NA,948.8,1282.9
Asara Ghat,Achham,632,899.7,1056.5,845.9,1122.9,NA,1689.6,1645.8
Tikapur,Kailali,149,2128.2,1822.6,1130,964,2337.2,1653.5,1795.5
Sandhepani,Kailali,159,2176.4,1887.4,1398.8,1229.4,2451.6,1903.7,1655.6
Dhangadhi Attariya ,Kailali,184,1592.9,1607.4,1530.7,1406.6,2123.9,2235.8,1958.6
Bangga Camp,Achham,1180,1446.8,1508.3,1379.4,1515.3,NA,NA,NA
Sitapur,Kailali,148,1506.6,1769.4,1313.9,1059,1504.5,1964.3,1748.4
Kola Gaun,Doti,1364,1479.2,1343,1647.2,1352.3,NA,2473.7,1723.8
Godavari West ,Kailali,280,2368.9,2515.5,1800.3,1925.3,2358,NA,2774.3
Mangalsen,Achham,1310,1373.9,1225.9,1283.9,1271.3,1760.8,2095.2,1603.6
Dipayal Doti ,Doti,563,1124.4,957.3,795.1,960.9,1048.4,1449.6,1254.7
Oli Gaun Patkani ,Achham,989,258.2,NA,493,657.5,NA,NA,NA
Raisalli Daulichaur ,Bhajang,2011,2774.1,2392.1,2806.1,2426.1,2495,3178,2931.5
Thalara,Bajhang,2360,1970.2,2580.9,2619.1,1940.6,NA,3072,2494.6
Olena Oirano ,Bajura,1116,1301.1,1955.1,1504.1,1643.3,NA,1795.2,1683
Sunkuda,Bajhang,894,790.8,1132.9,1018.9,853,NA,NA,1598.6
Rayal,Bajhang,919,1346.8,1356.6,1114.1,1638.9,NA,1907.3,1566
Kolti Airport,Bajura,1411,690.8,809.2,1066.2,1094.8,NA,NA,997.5
Kailasmandu,Bajura,917,1740.9,1902.6,1944.5,1399,NA,2804.2,2174.5
Jhingrana,Doti,2249,1913.1,2187.7,552.2,383.4,NA,NA,NA
Gopghat Golaghat ,Achham,1548,1439.8,1912.5,1991.3,2186.4,NA,2596.8,1475.2
Safebagar,Achham,626,NA,1037,1088.6,1093.4,NA,NA,NA
Gaira,Doti,1856,1760.2,1962.8,1802.5,1653,NA,2422.6,1873.3
Dumrakot,Dumrakot,1042,805.2,751.9,902.4,980.8,NA,1703.2,1321
Sugali,Achham,1668,1888.3,1926.3,1660.4,1721,NA,2871.1,2315
Sapta,Bajura,1099,376.1,512.9,521,NA,NA,978.3,794.7
Basti,Achham,474,NA,995,NA,581.6,NA,1430.5,1329.7
Chiuri,Doti,1492,1680,1133.6,2404.6,NA,NA,2987.6,1937
Malakheti,Kanchanpur,185,1790.8,1788.4,1383.1,1428.7,1960.8,NA,1972.1
Chaumala,Kailali,171,1916.9,2313.8,2039.5,1272.9,2889.9,2405,2086.9
Gokuleshwar,Kailali,761,NA,NA,NA,NA,NA,2353.7,2096.5
Garman Darbar,Kailali,1280,2968.5,1628.2,2755.5,1271.8,NA,4324.7,3988.5
Baliya,Kailali,167,1855.7,2213,1425.3,1453.3,NA,2162.2,1903.4
Bhajani,Kailali,132,1568,1426.1,1333.3,824.6,NA,1493.6,1756.1
Chainpur Bajhang Aws,,1405,1011.9,NA,1563.1,1913.1,NA,NA,NA
Thirpu,Kalikot,1017,388.1,392.5,443.6,797.3,949.2,NA,1169.1
Jumla,Jumla,2363,747.8,814,720.3,948.5,604.7,1004.3,835.7
Guthi Chaur,Jumla,2727,1139.3,1399.5,1381.3,1318.4,NA,1397.1,1175.6
Sheri Ghat,Kalikot,1090,1356,1494.9,1563.4,1813.3,1529.5,NA,2145.5
Gam Shree Nagar,Mugu,2113,979.8,NA,429.9,1111.1,NA,NA,NA
Rara,Mugu,2989,957.1,833.2,816.4,918.4,575.5,1296.5,1097.8
Nagma,Kalikot,2017,609.4,677.3,672.6,1057.1,1063.8,1441,996
Bijaypur Raskot ,Kalikot,1822,1197.3,1786.9,1431.5,1924.8,NA,1442.2,1254.2
Dipal Gaun,Jumla,2422,877.9,911.3,897.9,1080.1,NA,1365.8,1002.3
Simikot,Humla,2993,711.2,803.4,798.5,391.4,818.5,1170.1,828
Dunai,Dolpa,2098,488.4,556.9,386.5,613.2,NA,660.8,517.1
Darma,Humla,2288,NA,1026.2,1216.1,1079.1,NA,1249.1,1288.1
Kirmi,Humla,2859,516.4,712.7,644.8,945.1,NA,NA,779.4
Ghatya Khola,Humla,2230,707.9,731.6,534.9,1050.3,NA,1241.8,831.6
Thali,Humla,2293,NA,1221.9,1272.1,1289.2,NA,1431.5,1285.8
Bau Khola Bam ,Mugu,2821,695.4,740.6,1043.9,1897.8,1222.7,627.8,758.3
Mangri,Mugu,2257,986.8,833.1,NA,NA,972.3,640.5,NA
Gamtha,Mugu,1848,1661.7,1103.6,2062.1,4855.6,3791,3094.7,2128.3
Seroge,Mugu,2245,NA,765.9,697.6,892.4,NA,744.1,903.5
Chautha,Jumla,2785,1256.7,1228.3,1267.2,2124.2,NA,1545.5,1303.4
Jacha,Jumla,2380,723.9,799.5,800.6,966.6,NA,1145.2,1190.8
Rudu Narakot ,Jumla,2364,692.9,812.5,664,891.8,NA,959,1034.7
Rimichaur,Jumla,2692,1255.8,1331.8,1309.8,1433.9,NA,1440.5,1210.1
Jamna Dillichaur ,Jumla,2438,1197.6,1129.6,1178.5,1123.9,NA,1086.1,1037.3
Tatopani,Jumla,2288,588.2,612.9,493.7,751.3,NA,1021.2,925
Biunthari,Dolpa,2440,423.2,681.5,762.4,NA,NA,937,539.6
Manma,kalikot,1729,1145.7,1352.7,1423.6,1593.7,1775.9,2054,2057.8
Kaigaun,Dolpa,2683,NA,NA,974.4,948.5,NA,NA,NA
Gela,Kalikot,1732,1047.9,898.8,1128.4,1392.5,1374,1650.6,1356.1
Juphal Airport,Dolpa,2475,472.1,538.7,666.2,897.3,NA,727.1,640.6
Hilsa Yari ,Humla,3726,NA,NA,NA,NA,NA,416.2,189.3
Talcha,Mugu,2750,NA,NA,NA,NA,705.8,1326.7,1245.8
Jalkundi,Dang,218,NA,NA,1207.6,1110.4,NA,NA,NA
Jumla Airport,Jumla,2384,736,698,666.9,924.2,NA,NA,855.4
Pusma Camp,Surkhet,953,1404.9,1554.8,1431.9,1558.5,1588.6,1736.1,2188.8
Dailekh,Dailekh,1394,1462.5,1673.8,1652.8,1751.8,1692.8,1827.2,1886.2
Jamu Tikuwa Kuna ,Surkhet,243,908.2,1217.3,1245.5,1220.9,1411.7,1368.6,1841.4
Jajarkot,Jajarkot,1236,NA,NA,NA,1171.1,NA,NA,NA
Surkhet Airport Birendranagar ,Surkhet,683,1427.1,1357,1336.5,1486.1,1808.4,1909.3,1708.4
Kusum,Dang,200,NA,NA,NA,NA,1657.2,1717.1,1486.4
Gulariya,Bardiya,126,1326.5,1047.3,1295.8,1089,1535.1,1468.5,1541.1
Khajura Nepalganj ,Banke,129,1443.8,1142.5,1135.5,NA,1300.9,NA,1507.1
Bale Budha Tallo Dhungeshwor ,Dailekh,590,889.6,1118.6,785.4,1108.3,1296.3,932.1,1400.7
Rajapur,Bardiya,133,1427.5,1642.7,1465,686.2,1699.6,1522.4,1535.6
Naubasta,Banke,161,1421.7,1318.2,1125.8,1447.5,1530.4,1900.2,1724.7
Shyano Shree Chepang ,Bardiya,510,NA,NA,NA,NA,1880.3,2065.6,2150.7
Baijapur,Banke,150,786.4,574,1498.9,1065,1537.9,NA,1250.4
Bargadaha,Banke,166,1865.8,1972.8,1515.3,1084.5,2269.9,1841.4,NA
Nepalgunj Reg Off ,Banke,141,1378.1,NA,1126.8,1555.8,NA,NA,NA
Rani Jaruwa Nursery,Bardiya,145,1082.6,1450.1,1196.4,NA,1968.2,NA,1699.1
Maina Gaun D Bas ,Jajarkot,1913,2486.5,2527.1,2050.2,NA,NA,2428.3,2718.9
Sikta,Banke,161,1392.3,1916.8,NA,NA,1590.3,2045.7,1727
Gwati,Dailekh,1472,2676,2415.1,2590.1,2775.2,4110.1,2596,2537.6
Ranimatta,Dailekh,2157,NA,NA,NA,NA,2297.1,1923.5,2470.8
Dadimadi,DAilekh,1281,1590.1,1774.8,1445.9,1425.4,1869.9,2091.6,2492.5
Katti,Dailekh,1224,1629.1,1937.3,833,742.9,1851,3064.8,2165.4
Badhichaur,Surkhet,535,1398.3,1433.6,1758,1487.3,1598.9,1603.6,1969.3
Pipalchaur,Rukum West,783,NA,NA,NA,NA,NA,2306.3,2236.2
Jagtipur,Jajarkot,1386,943.2,966.6,1034,1071.7,NA,1312.5,1292
Khanikhola,Surkhet,1335,1166.4,1069.6,1021.3,1287.9,1481,1711.2,1635.8
Rakam,Surkhet,565,627.5,734.8,787.7,840.4,864.9,1064.8,924.5
Mehalkuna,Surkhet,464,1310.7,1441.6,1203.6,1201.1,1418.3,1577.1,1633.4
Kalidamar,Surkhet,635,1432.4,1630,1349.4,1325,1542.8,1669.5,1882.6
Kumalgaun,Bardiya,144,1262.6,1591.2,1279.8,1284.9,1891.6,1296.4,1660.8
Taratal,Bardiya,141,1054.2,1055.5,1333.5,1153.5,2237.7,2771.4,1699.4
Rambhapur,Bardiya,150,1683.2,1660.2,1433,1209.3,1811.7,1727.2,1952.2
Manpur,Bardiya,132,1321,1192.8,1230.9,1456.1,0,1553.9,1533.6
Dhakeri,Banke,153,1511.3,1692,1416.9,1222.3,1950.5,2026.9,1592.4
Belmar,Banke,134,1021.4,972.4,901.3,1154.3,1188.4,1112.2,1227.3
Bhagawanpur,Banke,137,817.8,1033.2,1454.7,1406.1,1145.6,1703.8,1198.2
Samajhighat Bheri Pul ,Surkhet,NA,1451.3,1387.9,1128.6,1226.8,1264.8,1362.1,1420.6
Trishuli At Betrawati,Nuwakot,NA,NA,NA,1346.7,808.7,1502.9,1230.7,NA
Narayani At Devghat,Chitwan,NA,2354.4,NA,2279.6,NA,NA,NA,NA
Rajaiya Rainfall Station ,Makawanpur,NA,NA,672.7,1904.5,2428.8,2324.5,2314.6,1935.3
Rukumkot,Rukum (East),1568,1784.3,1692.8,1408.4,1965,1961.9,1950,2135
Shera Gaun,Rukum,2170,1089.9,1013,1167.4,NA,360.9,1729.7,2883.7
Libang Gaun,Rolpa,1314,1442.4,NA,1229.6,1373.1,NA,NA,NA
Bijuwar Tar,Pyuthan,835,1776.5,1060.7,890.2,1115.4,1135.1,1831.8,1382.7
Nayabasti Dang ,Dang,685,1646.2,1831.6,1862,1721.6,1399.6,2313.5,2124.1
Tulsipur,Dang,683,1788.2,NA,1458.8,1542,2156.7,NA,NA
Koilabas,Dang,200,1194.8,1400.4,1570.3,1174,1595.1,NA,NA
Salyan Bazar,Salyan,1557,891.1,782,854.1,1017.9,1137.3,1213.6,1108.6
Chaurjhari Tar,Rukum,863,1256.2,NA,1404.4,1239.2,NA,NA,NA
Musikot Rukumkot ,Rukum,1412,2099.7,2068.1,2308.5,2174.6,2262,2283.6,2438.7
Ghorai Dang ,Dang,663,1585.5,1607.3,1434.5,1198.3,1906.4,2157.8,1904
Kotjhari,Rukum,1142,2155.2,1659.6,1597.2,1048.5,NA,1604.1,1095.2
Kabreneta,Salyan,1143,1378.5,1309.2,1555,1646.5,1627.9,1646,1511
Tharmare,Salyan,1338,1100.6,1073.9,1350.8,1281.2,1319.9,1575.8,1253.5
Keur Gaun,Rolpa,2145,1423.5,1399.5,1517.4,1346.6,1859.3,NA,1306.8
Rulbang Juwang ,Rolpa,1046,NA,1450.1,1348.8,1463.1,1897.2,1928.2,1466.7
Jyamire,Salyan,649,1899.2,2398,2295.1,1773.1,1642.2,2269.1,1531.1
Seulibang,Pyuthan,1685,3246.6,NA,1461.7,2569.7,NA,NA,NA
Rampur Kalimati,Salyan,696,1398.7,1625.2,1878.4,NA,1602.5,1937,1624.4
Sulichour Sarichour ,Rolpa,845,1676.7,1111,1289.1,1215.9,1699,1797.8,1211.8
Phopli,Pyuthan,1641,3601.4,2445.5,2299.9,2755.3,2796.6,2689.4,2309.3
Swargdwari,Pyuthan,1232,1442.9,1117.2,610.3,836.8,1144,1779.1,1146
Ambapur,Dang,599,1233.5,1642.8,1193.6,1053.9,1868.6,1862.5,1374.7
Sukhabare,Dang,586,993.8,NA,1096.6,862.7,NA,NA,NA
Ratamata,Dang,457,1261.4,1104.2,1066.4,727.4,1586.2,NA,1564.5
Hanspur,Pyuthan,742,2155.6,1549.4,1375.7,1442.6,2329,2183.2,1966.3
Rampur Beljhundi ,Dang,649,1546.4,1443.9,1569.3,344.4,1894.7,1801.6,1754.9
Gangadi,Dang,216,1198.4,1661.2,1308.5,1078,NA,1781.1,1914.8
Lamahi,Dang,243,1010.9,1353.8,1190.6,873.3,1759.4,1670.5,1676.3
Lalmatiya,Dang,287,1322.3,1681.1,1253.3,522.5,1621.7,2177.6,1806.4
Gadhawa,Dang,231,1072.3,1496.9,1091.3,1235.8,1729.4,2340.2,2199.4
Mari,Pyuthan,545,NA,NA,NA,NA,NA,1557,1245
Bagasoti,Dang,NA,NA,NA,NA,NA,NA,2234.9,1831.7
Marin Khola At Kusumtar,Sindhuli,399,2661.1,NA,NA,NA,3493.6,NA,3859.2
Jomsom,Mustang,NA,262,NA,301.1,336.3,NA,NA,NA
Thakmarpha,Mustang,2655,368.1,390.4,385.9,363.8,528.9,697.2,456.7
Baglung,Baglung,964,2137.3,2011.6,NA,1023.7,2890.3,2922.4,2121.8
Tatopani Ratopani ,Myagdi,1161,1647.9,1574.8,1503.6,1511,2137.7,1972,1603.4
Ranipauwa Muktinath ,Mustang,3671,212,260.8,NA,NA,NA,NA,NA
Bahrabise,Sindhupalchok,NA,2613.2,NA,NA,NA,NA,NA,NA
Karkineta,Parbat,1642,2930.5,2070.9,2242.8,2197,3180.3,3186.8,2997.2
Kushma,Parbat,900,2381.7,2268.3,2114,2059,3670.7,3503.7,2454
Bobang,Baglung,1722,2179.9,2619.8,1727.8,1681.5,NA,3418.5,1946.7
Gurja Khani,Myagdi,2627,NA,NA,NA,NA,1263.2,NA,NA
Ghorepani,Myagdi,2987,2352.1,2575.3,2315.5,2581.1,2903.1,2738.4,2524.4
Tribeni,Parbat,713,1711,2465.1,1856.5,1705.7,NA,NA,1687.4
Darbang,Myagdi,1160,3049,2379.8,2127.6,2502.5,NA,NA,NA
Rangkhani,Baglung,1728,2452.8,999.8,1671.3,1350.7,2343.2,NA,1619.9
Samar Gaun,Mustang,3610,99.7,128.5,110.5,130,105,100.1,114
Dhakarjhong,Mustang,3200,180.6,239.3,NA,391.3,337.9,585.3,NA
Bega,Myagdi,1682,2447.1,1876.3,1820.3,1839.3,2602.1,2501.4,NA
Kuhun,Myagdi,1864,917.7,844.8,359.4,576.6,NA,514.7,1741.2
Muna,Myagdi,1970,2388.8,2670.1,2198,2175.9,NA,2872.5,2560.5
Baghara,Myagdi,2330,3307.5,2706.4,3083.3,2618.8,NA,2936.8,2840.3
Sirkon,Parbat,731,2129.1,1592.4,1792.5,1179.1,NA,2733.9,2752.2
Bhimgithhe,Baglung,1008,NA,NA,NA,NA,NA,1780.1,2338.7
Galkot,Baglung,1162,NA,NA,NA,NA,NA,2254.8,2609.9
Chhoser,Mustang,3886,251.8,269.4,NA,NA,224.3,262.1,NA
Dudh Koshi At Rabuwabazar,Khotang,460,1386.2,808,NA,1191.7,794,684.7,732.7
Saptakoshi At Chatara Old ,Sunsari,NA,NA,NA,1830,NA,2855.8,NA,3019
Ridi,Gulmi,494,1115.3,1038.8,1059.3,841.9,1901.2,1966.5,1493.7
Tansen,Palpa,1183,1580.9,1683.2,1363.1,1047.9,2265.5,2750.2,1980
Butwal,,180,3368.1,3525.5,NA,NA,NA,NA,NA
Beluwa Girwari ,Nawalpur,237,3007.1,2400,2395.5,2382.1,3648,3779.3,NA
Bhairahawa Airport,Rupandehi,108,1604.8,1717.2,1934.1,1273.5,1967,2843.8,1396.8
Dumkauli,Nawalpur,183,2523.5,1961.3,1774.6,NA,3791.9,3317.3,2836.5
Bhairahawa Agric ,Rupandehi,112,1579.7,1891.4,1944.2,1514,NA,NA,1476.1
Parasi,Nawalparasi,112,1695.8,2005.1,1785.2,NA,2415.6,NA,1638.4
Dumkibas,Nawalpur,167,2307.7,3051.5,2670.8,1882.9,NA,NA,2752.4
Khanchikot,Arghakhachi,1801,1448.9,1491,1305.1,1604.3,1971.2,2455.8,1662.8
Taulihawa,Kapilvastu,106,1170.1,1632.4,1440.6,1191.7,1534.6,NA,1512.7
Tilottama,Rupandehi,146,NA,NA,NA,NA,NA,3076.2,2146.8
Pattharkot West ,Kapilvastu,190,1897.7,2021.1,1575.8,1612.5,2810.5,3063.4,2476.8
Musikot,,1353,2702.5,2912.2,1540.6,1653.6,3408.2,2925.6,NA
Bhagwanpur,Kapilvastu,148,1639.2,NA,675,1404.5,NA,NA,NA
Tamghas,Gulmi,1547,2030.4,1486.7,1133.7,1336.6,1898.1,1951.6,1726.9
Gandakot,Palpa,519,1605.7,1845.9,1696.8,NA,2366.9,3206,2252.2
Semari,Nawalparasi,110,1390,2401.5,2151.5,1666,2444.6,NA,2259.6
Lumbini,Rupandehi,95,1183.5,1369.5,1174,NA,NA,2043,1228.1
Sitapur Nepaney ,Arghakhachi,1618,1997.9,2115.5,1819.7,1979.4,2936.4,3093.3,2367.4
Agimir,Gulmi,1493,1517.3,1023.8,NA,1090.6,1571.1,1541.1,1722
Anp Chour,,738,1588.1,1628.4,1044.5,1401.9,2123.6,2411.3,1428.8
Bharse,Gulmi,1626,2694.5,2281.9,1663.1,2169.2,2976.2,3411.2,2261.2
Daugha,Gulmi,960,958.3,1235.8,1872.4,1419.4,1968.6,1711.3,1351.8
Sidhara,Arghakhachi,371,1263.5,1853.9,1459.8,1390.2,1835.7,2373.4,2034.6
Dedh Gaun,Nawalpur,379,NA,2181.6,1233.9,1222,NA,1943.2,NA
Rangsing,Arghakhachi,0,1227.1,1587.1,925.4,1216,1789.6,2234.4,1986.4
Baldyanggadi,Palpa,1640,2071.9,1819,2041.1,1629,2308.9,1347.4,2043.4
Jalpa,Palpa,1512,1791.6,2105.5,1615.3,1758.4,3075.8,3307.5,2062.8
Archale,Palpa,1005,1923.4,1810.5,2490.4,1226.5,1869.3,4389.2,2743.5
Hattilung,Palpa,1127,3315.8,2176.9,2644.5,1021.3,3642.7,4323.8,1917.8
Banganga,Kapilvastu,140,1692.9,1026.8,NA,NA,2219.8,2998.6,2137.7
Deurali Nawal,Nawalpur,238,2750.2,NA,NA,569.3,NA,3570,NA
Suryapura,Rupandehi,114,1682.5,1499.7,1258.8,NA,2101.1,2494.8,1625.9
Bardaghat,Nawalparasi,126,1776.8,2763.8,1507.1,1394.9,NA,3339.6,2429.7
Marchabar,Rupandehi,104,1653.1,1972.8,NA,1259.6,1626.6,2085.4,1107.3
Sandhikharka,Arghakhachi,1030,1222.3,1116.1,993.5,959.3,1814.7,1928.3,1569.3
Jagat Setibas ,Gorkha,1334,1699.7,1443.7,1511.6,2048.4,NA,NA,1540.8
Khudi Bazar,Lamjung,838,3757.1,3256,3415.7,2932.1,4658.7,3811.7,4156
Pokhara Airport,Kaski,803.9,3517.9,3743.3,2999.7,3102.1,5454.3,5216.7,4094.9
Syangja,Syangja,871,3125.4,2763.2,2830.9,2689.6,4333.3,4168.1,2813.4
Larke Samdo,Gorkha,3650,714,606.3,660.3,722,491.2,947.1,800.6
Kunchha,Lamjung,820,2872.8,1978.1,1956.7,1720.4,NA,3241.2,3139.6
Bandipur,Tanahu,991,1378,770.2,1552.2,1629.7,2296.4,2712.3,2124.6
Gorkha Birenchowk ,Gorkha,724,1524.6,1527.4,1728.6,1524.9,1960.2,2114.3,2048.9
Gorkha Agromet,Gorkha,720,NA,NA,NA,NA,NA,NA,NA
Chapakot,Syangja,617,1626.2,1712.1,1506.4,1850.3,2476.8,2959.4,2280.6
Malepatan Pokhara ,Kaski,859,4061.7,4234.4,3453.5,3324.8,5752.7,5454.6,4530.7
Bhadaure Deurali,Kaski,1630,4362.7,4587.9,4188.1,4682.1,8937.2,6918.1,NA
Lumle,Kaski,1738,5145.6,5030.4,5055,5160.2,6226.4,5627,5202.9
Khairini Tar,Tanahun,515,2099.4,2272.5,1946.2,2009.2,3276.3,3609.4,2790.3
Damauli,Tanahun,347,1172.1,NA,1511.5,1286.6,NA,NA,NA
Lamachaur,Kaski,991,4504.6,4586.4,3835.2,3664.7,NA,4741.6,4634.1
Manang Bhot,Manang,3556,100.2,140,180.6,413.3,NA,399.7,330.4
Ghandruk,Kaski,1960,NA,NA,NA,NA,NA,4512.5,4606.6
Gharedhunga,Lamjung,1088,2870.6,2731.8,2885.3,2920.1,NA,3664.4,3179.7
Sikles,Kaski,1967,3939.3,3420.9,4201.6,4027.2,4885.2,4416.8,NA
Walling,Syangja,756,2250.3,1720.6,1918.4,NA,2667.6,2924,2716
Sallyan Kaski ,Kaski,1591,4046.5,3986.4,3719.5,3879.7,NA,5341.6,4300.5
Pamdur,Kaski,1726,4588.5,4954.9,4470.3,4865.9,6467.8,6079.6,NA
Dandaswara,Syangja,1316,3163.6,2698,2883.7,2804.6,4662.8,4607.4,NA
Chhekampar,Gorkha,3300,750.5,419.9,683.9,793.1,NA,1312.8,938.6
Naar,Manang,4195,111.4,431.3,686.2,739.5,NA,NA,NA
Goga Tilche ,Manang,2256,1090.8,977.5,1075.2,1291.1,1330.6,NA,1219.4
Pisang Gaun,Manang,3214,588.5,614.9,589.8,932.5,788,1465.8,855
Namrung,Manang,NA,312.4,NA,NA,NA,NA,NA,635.7
Machhi Khola,Gorkha,550,1975.4,1478.2,1852.3,NA,NA,2630.6,2009.9
Taal,Manang,1670,1915,NA,1393.9,1772.6,NA,NA,NA
Ghalekharka,Kaski,1665,4475.9,4105.3,4250.8,4137.8,4900.8,4238.7,NA
Rivan,Kaski,1506,5108.7,3731.7,4192,5246.3,5643.6,3784.5,2872
Bhujung,Lamjung,1690,3972.4,3318,4546.9,3853.6,NA,4156.9,3251.4
Faleni,Lamjung,1278,4073.7,3247.6,4478.9,3401.3,NA,4100.1,3863.7
Yamjakot,Kaski,1478,4703.5,3617.1,NA,NA,NA,4097.9,4600
Gilung,Lamjung,1430,3477.2,2862.9,3399.5,2679.3,NA,4591.9,4606.8
Pumdhi Bhumdhi,Kaski,1565,4334.9,4459,3573.6,4141.5,5949.6,NA,4670.5
Barpak,Gorkha,1889,4673.2,2907.3,5835.5,NA,NA,3868.7,NA
Begnas,Kaski,682,3458.3,3065.2,3205.8,2580.6,NA,4876.6,3449
Bhorletar,Lamjung,469,2608.9,2257.7,2118.2,2054.9,NA,NA,NA
Panchamul,Syangja,1575,3405.8,3139,3302.5,2938.2,NA,4409.5,3339.2
Nirmal Pokhari,Kaski,975,3083.9,2878.9,2253,1993.8,NA,4165,2764.1
Thaprek,Tanahun,1131,2638.4,2560.5,2639,2108.5,NA,3456.9,NA
Rainastar,Lamjung,588,1952.9,1599.4,2258.6,1905.8,NA,2972.1,2770.3
Syamgha,Tanahu,372,2221.7,1887.8,1977.1,NA,NA,NA,NA
Chisapani Syangja ,Syangja,1002,1292.3,569.9,535.8,NA,NA,NA,2108.7
Chundi Rangha,Tanahu,527,2163.8,1557,1655,1319.8,NA,2604.2,NA
Jyagdi,,455,1997,NA,1150.3,1019.5,NA,NA,2258.6
Malunga,Syangja,764,1350.6,1611.5,1420.5,NA,NA,NA,NA
Atraulitar,Tanahun,349,1635.5,1601.9,1556.8,1539.6,NA,2958.5,2015.7
Sakhar At Tanahun,Tanahun,288,1429.9,1517.1,1531.9,1073.1,NA,1860.3,2060.1
Kotagaun,Tanahun,355,2535.9,NA,2243.2,2048.2,NA,3986.2,2249.2
Laprak,Gorkha,NA,3328.9,1638.5,1897.2,NA,NA,1043.8,1127.3
Panchase,Parbat,2492,3280.2,NA,2032.5,2867.7,NA,NA,NA
Chumchet,Gorkha,NA,839.8,617.5,413,545.9,NA,NA,723.2
Humde,Manang,3401,270.5,298.7,467.1,NA,NA,NA,NA
Rampur,Chitwan,189,2059.8,1695,1206.4,1539,3165.1,2216.3,NA
Jhuwani,Chitwan,177,1769.8,1913.7,1514,1926.6,2395.1,2315.7,1987.8
Chisapani Gadhi,Makwanpur,1729,1646.6,1933.4,1905.5,2181,2432.5,NA,2254.4
Daman,Makwanpur,2265,NA,1357.6,1488.9,1721.1,1987.3,2193.8,1734.6
Hetauda N F I ,Makwanpur,452,2083.6,2437.6,2135.6,2254.4,2500.2,2543.5,NA
Amlekhganj,Bara,310,505.8,1808.7,1260.3,NA,NA,NA,1121.6
Simara Airport,Bara,137,1587.5,1967.1,1717.7,1738.1,2403.6,2383.1,1618.6
Nijgadh,Bara,244,330.1,NA,NA,NA,NA,2458.2,1878.4
Parwanipur,Bara,87,1312.5,1599,1553.2,1585.5,NA,1864.8,1357.6
Ramoli Bairiya,Rautahat,152,1282.2,1854.4,NA,NA,NA,1910.8,1241
Markhu Gaun,Makawanpur,1535,1012,1136.1,1092.3,1633.1,1675,1516.6,1337.8
Birganj,Parsa,67,NA,1227.4,NA,NA,NA,1950.8,1130.1
Makwanpur Gadhi,Makwanpur,1050,2034.3,2388,1360,NA,3103.4,3208.8,3168.8
Kalaiya,Bara,100,1157.7,1121.8,1401,NA,1782.8,1742.8,1171.8
Gaur,Rautahat,77,NA,NA,NA,787.4,1732.1,NA,1012.4
Kolbhi,Bara,114,1471.3,1975.6,1131.7,NA,NA,1984.5,1475.4
Bharatpur,Chitwan,216,2333.3,2040.7,2223.7,1607.1,NA,2649.9,2705.2
Shaktikhor,Chitwan,333,2034,NA,2103.9,2168.4,3207.9,2790.5,3185.9
Shilinge,Makwanpur,802,1464.3,1871.4,NA,NA,NA,2148.3,NA
Meghauli,Chitwan,157,1701.1,2032.7,1398.9,1670.6,3061.3,2799.8,2086.2
Madi Kalyanpur,Chitwan,240,NA,2083.7,NA,1645.6,2460.1,2415.8,2037.4
Gajuri,Dhading,430,NA,NA,1957.6,1539.5,1926.5,1776.6,1785.1
Majhimtar,Dhading,327,3000.6,1876,2916.7,2416.7,3415.1,NA,3592.7
Govindabasti,Chitwan,227,NA,NA,NA,NA,NA,2194.8,NA
Riewkhola Bankatta ,Chitwan,105,NA,NA,1721.9,1610.2,2341.5,NA,NA
Arughat Rainfall ,Gorkha,518,NA,550.7,NA,2123.5,2700.3,NA,2679.9
Gumthang,Sindhupalchok,1885,2927.8,3041.5,2732.1,2385.6,3360.7,3327.4,3158
Kakani,Nuwakot,2002,2649.4,2812.3,2945.6,2729.7,NA,NA,2585.7
Nawalpur,Sindhupalchok,1653,2132.7,2057.7,2203.3,NA,2653,2619.6,2459
Chautara,Sindhupalchowk,1552,2003.6,1572,NA,1695.8,2405.2,NA,2090.7
Sarmathang,Sindhupalchok,2574,3983.9,3988.7,3954.5,NA,4214.3,4095.6,4151.5
Duwachaur,Sindhupalchok,1481,1943.5,1129.3,708.7,NA,NA,NA,2284.3
Baunepati,Sindhupalchok,774,1600.9,1471.5,1834.2,1672.8,2107.8,1737.4,NA
Mandan,Kavrepalanchok,1358,NA,NA,NA,NA,NA,1381.6,1376.9
Dolal Ghat,Kavre,659,1009.3,1179.1,824.9,1098.8,1170.6,1150.2,1375.3
Dhulikhel,Kavre,1543,1258.3,NA,1415.3,1745.8,1404.2,1480.5,1572.9
Dhap Thangpal ,Sindhupalchok,1284,NA,2605.4,2751.2,NA,3073.8,3142,2497.7
Khumaltar,Lalitpur,1334,1098.4,1053.9,977.2,1320.7,1419.8,1278,1483.1
Kathmandu Airport,,1337,1482.8,1279.3,1529,1529.3,1517.1,1710,1825.6
Sankhu,Kathmandu,1436,NA,1426.5,2236.9,1373.6,2078.2,2392.3,2419.9
Panchkhal,Kavre,857,856.4,1035.6,NA,1330.4,1195.4,1191.9,1254.8
Dhunibesi,Dhading,991,1135.6,1179.3,1405.8,1811.9,1657.9,1560.2,1691.2
Panipokhari Kathmandu ,Kathmandu,1329,1229.1,1388,1556.4,1840.9,1795.7,1529.7,2054
Nagarkot,Bhaktapur,NA,1363.7,1723,NA,1857.2,NA,1839.9,1935.6
Khopasi Panauti ,Kavrepalanchowk,1442,1032.6,951.5,1273,NA,NA,1361.2,1179.7
Bhaktapur,Bhaktapur,1315,1286,1089.4,1350.2,1522,1573.8,1513.5,1511.3
Thamachit,Rasuwa,1770,1641.7,1089,NA,1475.4,1652.5,1410.8,851.1
Dhunche,Rasuwa,2005,NA,NA,1904.4,1960.5,2199,2311.8,1834.1
Pansayakhola,Nuwakot,1982,2930.5,2676.7,3031,NA,4198.6,3937.2,3312
Tarke Ghyang,Sindhupalchok,2596,3683.1,NA,3897.8,3928.4,4088,4402.7,4281.8
Changu Narayan,Bhaktapur,1502,1706.4,1770.1,1911.7,1830.9,1888.4,NA,2228.3
Chapa Gaun,Lalitpur,1478,1149.9,1085.9,982.3,1426.9,1374.7,1447.4,NA
Sangachok,Sindhupalchok,1195,1442.4,1171.2,1324,1517.5,1587.7,1333.2,1596
Thokarpa,Sindhupalchok,1565,1755.6,1785.2,2048.5,1895.6,1816.5,1647,1931.9
Buddhanilakantha,Kathmandu,1378,NA,NA,NA,NA,NA,1808.9,2066.2
Khokana,Lalitpur,1309,1056.1,1131,996.1,1359.5,1460.9,1494.9,1242.9
Naikap,Kathmandu,1477,1032.7,826.7,NA,1468.7,1744.6,1438.2,1699.8
Sundarijal Alapot ,Kathamandu,1384,1956,1902.9,NA,1904.7,1972,2086.1,2289.5
Nagarjun,Kathamandu,1393,2136.3,1516.1,1710.6,NA,1919.1,1656.3,2220.8
Tikathali,Lalitpur,1305,1090.2,785.1,1045.6,1313.2,1339.3,1516.1,1195.3
Jitpurphedhi,Kathamandu,1409,1476.5,1864.2,1827.2,1801,2223,1907.3,2318.7
Nangkhel,Bhaktapur,1413,1200.4,1130.8,1280.8,1431.2,1303.5,1571.6,1556.7
Nagdaha,Dolakha,909,959.5,1057.5,1227.4,1380.6,1288,1019.7,1532.1
Charikot,Dolakha,2132,NA,2684.4,2593.2,2887.5,2715.7,3023.8,2722.5
Jiri,Dolakha,1877,NA,2770.5,2673.7,2405.7,2651.4,2739.2,2753.2
Melung,Dolakha,1536,NA,1469.3,1433.4,1676.2,1330,1424.8,2031.6
Sindhuli Madhi,Sindhuli,556,2181.7,2124.4,2102.7,2092.5,2423.8,2876.8,2210.9
Bahun Tilpung,Sindhuli,1129,1606.2,1243,1309.5,1783.5,1876.7,2025.1,1712.2
Pattharkot East ,Sarlahi,189,NA,1376.2,1222.4,NA,NA,2350.3,1834.3
Tulsi,Dhanusha,271,1703.6,1756.7,1376.2,NA,NA,1857.4,1526.1
Janakpur Airport,Dhanusha,76,1429.5,1466.4,1215.8,1536.7,1673.2,1875.5,1165
Chisapani Bazar,Dhanusa,127,1710.7,1367.5,1209.4,1971.9,NA,1818.8,1259.8
Thodung,,3120,NA,NA,NA,NA,NA,NA,NA
Hardinath,Dhanusha,93,1436.3,1205,1115.6,1505.3,NA,1706.4,1072.2
Nepalthok,Sindhuli,690,722.8,698.3,803.2,NA,835.8,1046.7,678.2
Hariharpur G,sindhuli,880,NA,NA,NA,NA,NA,NA,NA
Hariharpur Gadhi Valley,Sindhuli,250,2033.5,2595.1,2517,NA,2709.7,2669.9,NA
Manusmara,Sarlahi,90,1205.5,1347.4,1202.9,1579.2,NA,1818.8,1242.4
Gausala,Mahottari,200,3102.2,2280.5,2453.8,1828.1,NA,1946.5,1113.1
Malangwa,Sarlahi,87,NA,1253.6,NA,NA,NA,NA,1066.8
Karmaiya,Sarlahi,139,NA,2214.2,1278.9,1795.4,2590,2255.7,1432.2
Jalesor,Mahottari,68,NA,NA,1272,NA,NA,2142.6,1024.2
Manthali,Ramechhap,497,592.3,677.1,837.1,855.5,NA,1301.1,804.5
Kabre,Dolakha,1755,2496.5,1940.9,2081.3,2144.7,1825.5,2086.3,2308.3
Chaurikhark,Lukla,2642,2134.3,1515,1896,2068.4,NA,2267.2,2137.2
Pekarnas,Solukhumbu,1945,1789.6,1396.6,1386,NA,NA,1822.4,1953.5
Aisealukhark,,2064,2492.8,1869.3,1727.1,1941,NA,2190.2,2521
Mane Bhanjyang,Okhaldhunga,1529,NA,851.4,775.1,NA,NA,1166.7,895.6
Kurle Ghat,,341,983.5,486.8,563.1,1091.9,NA,1031.5,757.2
Khotang Bazar,Khotang,1305,1011.7,941.8,NA,1210.3,NA,1100.3,963.4
Phattepur,Saptari,101,2237.3,NA,1484.7,NA,NA,NA,NA
Udayapur Gadhi,,469,NA,1627.8,1564.2,2558.5,NA,2085.5,2295.1
Katari,Udayapur,195,NA,NA,NA,NA,NA,NA,1491.6
Lahan,Siraha,110,1592.2,1332.1,1411.3,1582.4,NA,NA,1624.2
Siraha,,63,NA,1321.2,1275.5,1148.8,NA,1636.6,1345
Salleri,,2383,1299.9,NA,1392.4,1612.4,NA,NA,NA
Chialsa,,2770,NA,NA,NA,NA,NA,NA,NA
Diktel,Khotang,1612,1868.8,1509.8,1454.3,1529.2,1297.4,1385.3,1858.4
Rajbiraj,Saptari,68,1552.4,1670.4,1245.7,1798.3,2030,2140,1490.9
Siruwa,Solukhumbu,1614,NA,NA,2084.2,NA,NA,2308.1,2030.7
Barmajhiya,Saptari,118,1481.5,1709.9,1242.7,NA,NA,2141.6,1788.1
Gaighat,Udayapur,179,804.2,1575.1,1628.1,1955.5,NA,2654.5,1883.8
Num,Sankhuwasabha,1494,NA,NA,5074.1,4955,4500.8,3996.9,5789.9
Chainpur East ,Sankhuwasabha,1277,1391.7,1142.5,1038.7,NA,1341.3,NA,NA
Pakhribas,Dhankuta,1720,1575.2,1404.7,1460.1,1727.1,1818.5,1860.1,1376
Leguwa Ghat,Dhankuta,446,NA,936.4,768,1148.1,741.3,1235,928.6
Muga,Dhankuta,1457,NA,NA,NA,957.7,NA,NA,1155.4
Dhankuta,Dhankuta,1192,1068.2,936.5,731.2,1072,1454.2,1212.5,915.1
Mulghat,Dhankuta,286,NA,1105.6,856.4,NA,NA,1422.1,964.1
Tribeni Dhankuta ,Dhankuta,146,2270.1,1746.1,1733.6,2102,1960.5,2065.7,2087.6
Dharan Bazar,sunsari,310,2362.2,NA,1427.4,2409.8,NA,NA,NA
Haraincha,Morang,93,2406.7,1866.8,1440.9,1897.4,2419.6,2649.2,2207.5
Terhathum,,1525,NA,NA,679.6,1173.7,NA,NA,NA
Chatara,Sunsari,105,2894,NA,1981.3,NA,NA,NA,NA
Chepuwa,,2039,2972.9,2647.3,2945,2911.4,NA,NA,NA
Biratnagar Airport,Morang,72,1826.5,1038.2,1739.5,2013.4,2580.1,2371.8,1816.5
Tarahara,Sunsari,120,2357.1,1987.4,1494.1,2491.8,NA,2509.4,2101.6
Tumlingtar,Sankhuwasabha,477,NA,1249.8,929.6,NA,1624.6,1493.5,1346.3
Machhuwaghat,Dhankuta,168,NA,1274.7,NA,NA,NA,1251.2,1833.2
Bhojpur,Bhojpur,1569,NA,NA,NA,NA,NA,NA,NA
Dingla,,1169,2357.4,1557.8,1431.2,1815.5,2829.8,2329.7,2320.9
Letang,Morang,256,NA,2272.2,2019.8,NA,2984.8,2707.8,2334.6
Khadbari,Sankhuwasabha,1064,2171.9,1393.6,1342,1474.3,2907.2,2037.7,1874
Lungthung,,1807,2501.1,2272,2630.9,NA,NA,2437.2,2187.8
Tapethok,Taplejung,1388,3268.8,2787.9,3149.5,NA,NA,2867.5,2826.4
Taplejung,Taplejung,1744,2321.6,1696.9,1503.8,1669.1,NA,1792.3,1838.6
Memeng Jagat,Panchthar,1590,NA,NA,1693.9,NA,NA,1405,1955.1
Ilam Tea Estate,Ilam,1208,1591.7,1101.3,1096.5,1449.6,NA,NA,1336.9
Damak,Jhapa,119,2881.4,NA,NA,2785,NA,NA,NA
Anarmani Birta,Jhapa,122,3448,2675.7,2467.1,NA,NA,2628.7,2889.3
Himali Gaun,Ilam,1654,NA,2382.9,2002.6,2358.8,NA,2876,1923.5
Chandra Gadhi,Jhapa,90,1841.4,NA,NA,2768,NA,NA,NA
Sanischare,Jhapa,168,NA,2666,2198.2,2615.8,NA,NA,NA
Kanyam Tea Estate,Ilam,1570,2776.7,2786.9,2554.9,2709.8,3039.5,3492.9,2510.3
Phidim Panchther ,Panchthar,1157,1217.3,1161.8,971.1,1094.1,1289.4,1547.9,1104.4
Dovan,Taplejung,700,1711.8,1375.4,1527.5,1650.7,NA,1720.8,1954
Gaida Kankai ,Jhapa,107,2529,NA,2228.5,2922.4,NA,3059.2,2743.2
Kechana,Jhapa,71,NA,2688.4,2270.8,2294.8,NA,2848.7,2326.7
Barphalyang,Illam,420,NA,NA,NA,NA,NA,3169.7,3110.9
Nuwakot,Nuwakot,966,1698.3,1728.6,2356.3,2340.6,2257.6,2238.9,2025.8
Sindhuligadi,Sindhuli,NA,1795.4,1079.8,1857,2078.3,2731.1,3080,3323.7
Lukla Airport,Solukhumbhu,2786,NA,NA,NA,NA,NA,NA,2489
Kankai Mainachuli,,NA,1510.3,1799.6,1586.7,1634.2,NA,NA,NA
Chisapani Karnali ,Kailali,201,2526.2,2258.7,2174.8,2103.2,3088,NA,3350.5
Bhorleni,Makawanpur,NA,3297.8,1295.8,3740.5,3300.7,NA,2938.8,NA
Binayak,,465,986,1241.1,830.8,807.1,NA,1636,1041
Charchhare,Chitwan,171,NA,2401.1,1623.1,1828.2,NA,NA,1831.8
Dandagaun,,1371,1271.6,1234.9,992.2,1092.6,1912.5,1920.8,1635.4
Dhap Tarnamlang ,Sindhupaichok,1347,4116.3,2579.7,2942.9,2971.3,3485.1,3603.1,3045.2
Dharmpaniya,,1167,1735,1957.6,1586.5,2001.2,2387.9,2484.1,2100.2
Dhaulatiya Dallekhdhar ,,2071,2636.1,2749.2,3346.2,2609.6,3443,3648.1,3519.5
Godavari,,NA,1474.3,1334.9,1401.3,1672.9,1769,1754.4,1586.6
Goganepani,,1070,2755.8,2708.4,2129.8,2228.5,NA,2768.7,3268.7
Gothi,,NA,1304,1366.1,1266.4,1088.4,NA,1378.7,1004.1
Itram Surkhet Regional Office ,,720,1385.7,1409.2,1432.9,1593.2,1872.2,1611.3,1766
Jyamirebari,,1525,3715.7,2907.9,3330,3324.4,NA,3607.2,NA
Kalukheti,,1447,1245.4,1309.3,1572.2,1431.1,NA,2318.2,1843.3
Khaptad,Bajhang,3068,NA,NA,1802.1,1588.7,NA,NA,NA
Lele,,NA,1472.3,NA,1322.8,1750,NA,NA,NA
Lete,Mustang,2617,1568.2,NA,1492.6,1452.5,NA,NA,NA
Lumpthi,,1653,NA,1916,2336.7,2012,1903.2,2774.3,1822.8
Luwamjula Bazar,,895,NA,NA,NA,NA,NA,1414.9,1315
Nepalgunj Airport,,NA,1423.3,1335.9,1338,NA,1335.4,1577,1712.4
Okhaldhunga,,1725,1925.5,1579.6,1310,1403.9,1468.3,1838.6,1480.6
Padhampur,,656,1559.7,1636.7,1608.5,1366.2,1528,1929.1,1679.6
Pakhapani,,846,840.6,958.1,NA,1114.1,987.7,1422.8,1135.8
Ramjakot,,660,1512,1268.8,1301.9,NA,NA,NA,NA
Sundarijal Mulkharka ,Khthamandu,1658,2454.1,1819.5,2426.5,2155.7,2483.6,2222.8,2392.6
Thori,,243,NA,2730.8,NA,NA,NA,2463.2,1939.2